<?xml version="1.0" encoding="UTF-8"?>
<project-private xmlns="http://www.netbeans.org/ns/project-private/1">
    <editor-bookmarks xmlns="http://www.netbeans.org/ns/editor-bookmarks/2" lastBookmarkId="0"/>
    <open-files xmlns="http://www.netbeans.org/ns/projectui-open-files/2">
        <group>
            <file>file:/C:/Users/sauli/Documents/NetBeansProjects/RepositorioPOO/Practica%2012_Saul%20Davila/src/Main12.java</file>
            <file>file:/C:/Users/sauli/Documents/NetBeansProjects/RepositorioPOO/Practica%2012_Saul%20Davila/src/Operaciones.java</file>
        </group>
    </open-files>
</project-private>
